word,count
the,1149
it,1075
to,789
and,625
this,425
for,339
that,333
of,315
not,288
was,284
is,275
in,248
when,236
code,230
response,198
but,197
suboptimal,188
or,188
with,185
me,172
asked,168
math,165
as,141
my,134
answer,127
wrong,124
gave,116
its,112
because,103
an,103
on,102
very,98
sometimes,95
often,87
give,86
are,85
have,84
one,83
which,82
like,81
be,81
writing,80
some,79
used,79
complex,78
what,73
so,72
use,72
at,72
gives,71
problem,70
question,67
up,65
ideas,62
make,62
had,61
more,61
just,60
too,60
did,60
do,59
about,58
problems,58
will,57
even,57
responses,56
also,55
task,55
doesnt,54
correct,53
incorrect,52
answers,51
time,51
another,50
explain,49
where,49
can,49
proof,48
if,48
didnt,47
from,47
ask,47
other,45
by,45
simple,45
has,45
out,45
much,44
were,44
than,44
never,43
mathematical,43
does,42
questions,42
found,41
find,41
solve,41
into,41
good,41
information,40
example,40
errors,40
you,40
made,39
work,39
well,39
computations,38
same,38
dont,38
generate,38
once,36
creative,36
tried,35
fix,35
how,35
data,34
explanation,34
help,34
could,34
there,33
coding,33
ai,33
using,32
debugging,32
error,32
asking,32
models,32
debug,31
latex,31
instead,31
wanted,30
write,30
solution,30
think,29
project,29
steps,29
they,29
long,29
trying,28
all,28
text,27
concepts,27
hard,27
specific,27
times,26
without,26
after,26
understand,25
reasoning,25
given,24
something,24
provide,24
format,24
giving,24
result,24
different,23
content,23
bad,23
ive,23
better,22
many,22
context,22
generic,22
experience,22
struggles,22
proofs,22
while,22
get,22
since,22
however,21
logic,21
lot,21
know,21
able,21
worse,20
follow,20
details,20
generating,20
essay,20
concept,20
way,20
enough,20
say,20
no,19
such,19
style,19
bug,19
them,19
new,19
either,19
sources,19
computation,19
mistakes,19
provided,19
calculations,19
issue,19
seems,18
final,18
things,18
making,18
cannot,18
then,18
less,18
before,18
makes,18
may,18
brainstorming,18
most,18
any,18
always,18
solutions,18
try,17
might,17
multiple,17
still,17
cant,17
large,17
tasks,17
calculation,16
file,16
tends,16
prompt,16
sense,16
actual,16
essays,16
issues,16
explanations,16
output,16
similar,15
already,15
generated,15
related,15
right,15
havent,15
been,15
doing,15
detailed,15
run,15
needed,15
explaining,15
comes,15
part,15
read,15
need,15
c,15
e,14
through,14
python,14
s,14
own,14
step,14
analysis,14
myself,14
certain,14
complicated,14
quite,14
basic,14
clear,14
difficult,14
professional,14
idea,14
accurate,13
practice,13
between,13
email,13
great,13
failed,13
function,13
algebra,13
exist,13
google,13
points,13
multistep,13
parts,13
course,13
isnt,13
mistake,13
though,12
feel,12
told,12
case,12
bugs,12
rather,12
solving,12
g,12
level,12
convert,12
results,12
process,12
perform,12
im,12
change,11
formatting,11
again,11
structure,11
back,11
word,11
terms,11
words,11
converting,11
entire,11
technical,11
topic,11
lack,11
important,11
working,11
point,11
general,11
off,11
why,11
being,11
calculus,11
small,10
itself,10
linear,10
editing,10
useful,10
required,10
programming,10
providing,10
personal,10
fails,10
best,10
real,10
website,10
sound,10
based,10
looks,10
go,10
verify,10
stuff,10
syntax,10
looked,10
felt,10
generation,10
numbers,10
logical,10
obvious,10
anything,10
uses,10
want,10
language,10
sure,9
understanding,9
kept,9
set,9
few,9
easy,9
thus,9
check,9
research,9
changes,9
written,9
topics,9
remember,9
piece,9
processing,9
learn,9
show,9
design,9
image,9
prompts,9
short,9
wasnt,9
am,9
come,9
irrelevant,8
last,8
r,8
suggested,8
arithmetic,8
1,8
unable,8
their,8
assume,8
common,8
equation,8
compared,8
reason,8
search,8
should,8
class,8
provides,8
false,8
works,8
although,8
couldnt,8
almost,8
tone,8
original,8
reading,8
thought,8
functions,8
skipped,8
each,8
2,8
improve,8
two,8
drafting,8
feels,8
academic,8
down,8
stepbystep,7
unrelated,7
wouldnt,7
key,7
generates,7
scientific,7
deeper,7
let,7
method,7
requirements,7
these,7
references,7
overview,7
done,7
song,7
limited,7
b,7
end,7
got,7
examples,7
test,7
hallucinate,7
tell,7
missing,7
source,7
produces,7
possible,7
fixing,7
longer,7
having,7
graph,7
several,7
game,7
look,7
creativity,7
over,7
message,7
people,7
due,7
5,7
direct,7
detail,7
llms,7
seem,7
advanced,7
etc,7
gets,7
software,7
lacks,6
number,6
first,6
said,6
worked,6
involving,6
yet,6
others,6
tries,6
reports,6
looking,6
requires,6
formula,6
explains,6
phenomenon,6
situation,6
break,6
unhelpful,6
produce,6
wrote,6
paper,6
files,6
meant,6
links,6
figure,6
relevant,6
left,6
computing,6
low,6
formal,6
believe,6
summary,6
formulas,6
prompted,6
misses,6
helpful,6
algorithm,6
instructions,6
human,6
heard,6
users,6
during,6
confident,6
random,6
high,6
list,6
incomplete,6
main,6
cover,6
letter,6
theory,6
whole,6
pretty,6
type,6
document,6
articles,6
needs,6
bit,6
causing,6
structured,6
true,6
prove,6
require,6
theorems,6
codes,6
tools,6
kind,6
seemed,6
user,6
tested,5
confused,5
achieve,5
choice,5
okay,5
features,5
ones,5
broad,5
thing,5
link,5
fixed,5
sounded,5
access,5
far,5
described,5
showed,5
concise,5
notation,5
create,5
proper,5
complete,5
natural,5
knowledge,5
implementation,5
unclear,5
itll,5
sent,5
particular,5
approach,5
codebase,5
took,5
online,5
compile,5
noticed,5
straightforward,5
maths,5
edits,5
conditions,5
job,5
robotic,5
trouble,5
past,5
happens,5
fact,5
see,5
causes,5
arent,5
becomes,5
resume,5
system,5
nothing,5
mess,5
next,5
internet,5
methods,5
spot,5
exact,5
attempt,5
paragraph,5
identify,5
business,5
pdf,5
projects,5
standard,5
following,5
cases,5
harder,5
hallucinated,5
existing,5
match,5
formats,5
we,5
x,5
changed,5
involved,4
modified,4
symbols,4
tests,4
despite,4
full,4
science,4
addition,4
multivariable,4
led,4
leading,4
multiplication,4
none,4
considered,4
draft,4
outright,4
keeps,4
understood,4
lacked,4
outputting,4
those,4
useless,4
thinking,4
extra,4
straight,4
verbose,4
highlevel,4
critical,4
upload,4
inaccurate,4
confusing,4
adjust,4
program,4
couple,4
dataset,4
returned,4
periods,4
previous,4
clarifying,4
earlier,4
someone,4
ability,4
ethics,4
theyre,4
leaving,4
ideal,4
hence,4
he,4
suggestions,4
hallucinates,4
complexity,4
major,4
tofu,4
put,4
hours,4
libraries,4
algorithms,4
changing,4
depth,4
says,4
app,4
4,4
conversations,4
force,4
explained,4
started,4
invalid,4
adding,4
solved,4
assumptions,4
material,4
training,4
subtle,4
ways,4
report,4
came,4
advice,4
snippet,4
everything,4
take,4
size,4
nice,4
engineering,4
unless,4
grasp,4
redundant,4
hardware,4
form,4
experiences,4
flow,4
nonsensical,4
f,4
keep,4
clean,4
decision,4
translation,4
version,4
markdown,4
web,4
reach,4
performs,4
opinion,4
compare,4
rigorous,4
expect,4
line,4
specified,4
become,4
llm,4
documentation,4
sentences,4
queries,4
accuracy,4
maybe,4
suggest,4
goes,4
fixes,4
cut,4
coming,4
functional,4
learning,4
creating,4
vague,4
start,4
went,3
middle,3
calculating,3
stats,3
values,3
integrals,3
theorem,3
genai,3
producing,3
summarizes,3
including,3
lose,3
runtime,3
catch,3
convoluted,3
numerical,3
info,3
place,3
superficial,3
post,3
nature,3
desired,3
lengthy,3
leads,3
fail,3
computer,3
stiff,3
statement,3
approaches,3
meaning,3
handle,3
block,3
probability,3
difficulty,3
ignores,3
schedule,3
effective,3
oftentimes,3
weird,3
frontend,3
temperature,3
product,3
regression,3
produced,3
tailored,3
summarize,3
10,3
order,3
optimal,3
every,3
amount,3
core,3
poem,3
pointed,3
confidence,3
therefore,3
regardless,3
listed,3
txt,3
notes,3
front,3
side,3
segment,3
strange,3
add,3
guide,3
integral,3
outdated,3
analyze,3
involve,3
lead,3
codebases,3
seen,3
jargon,3
significant,3
little,3
performance,3
shows,3
social,3
ran,3
plausible,3
nuanced,3
prose,3
value,3
together,3
state,3
3,3
attempting,3
theres,3
safe,3
confusion,3
sheet,3
rewrite,3
background,3
include,3
exam,3
simplified,3
introduce,3
precise,3
thats,3
contained,3
caused,3
interpretations,3
simpler,3
weeks,3
spend,3
polite,3
facts,3
literature,3
finding,3
writes,3
whenever,3
ignored,3
build,3
instance,3
reponse,3
pages,3
resulting,3
principle,3
somewhat,3
algebraic,3
resolve,3
room,3
computational,3
shallow,3
minutes,3
return,3
limits,3
n,3
buggy,3
informative,3
library,3
calls,3
listing,3
lines,3
javascript,3
learned,3
relating,3
theories,3
brainstorm,3
nonsense,3
skips,3
dig,3
documents,3
prefer,3
overall,3
intermediate,3
feed,3
ended,3
forget,3
trust,3
lots,3
instances,3
skip,3
further,3
event,3
non,3
hallucinating,3
internship,3
reference,3
running,3
chat,3
conversational,3
missed,3
numeric,3
sentence,3
struggle,3
trivial,3
6,3
tended,3
prone,3
current,3
within,3
boring,3
knows,3
mat237,3
novel,3
present,3
intended,3
checking,3
feedback,3
knew,3
year,3
showing,3
subpar,3
factual,3
lyrics,3
fit,3
name,3
derivation,3
poor,3
else,3
old,3
bullet,3
names,3
loop,3
limit,3
outline,3
regarding,3
definition,3
stuck,3
jumped,3
behind,3
unreliable,3
analyzing,3
wording,3
unnatural,3
now,3
hand,3
restrictions,3
comprehensive,3
variables,3
unnecessary,3
id,3
feature,3
included,3
university,3
readable,3
sounding,2
corrected,2
spacing,2
rounding,2
jumps,2
font,2
simplify,2
omitted,2
formatted,2
recommendations,2
elaborate,2
box,2
received,2
story,2
attached,2
mode,2
gifts,2
decimal,2
tangent,2
repeats,2
parameter,2
helping,2
assistance,2
sss,2
repeating,2
hallucination,2
infinite,2
bunch,2
somehow,2
input,2
responeses,2
operation,2
bias,2
templates,2
situations,2
y,2
puzzle,2
bot,2
occurs,2
outputs,2
justify,2
hallucinations,2
includes,2
pigeonhole,2
curious,2
chatbots,2
translations,2
puns,2
options,2
investment,2
aspects,2
rural,2
citations,2
contains,2
commits,2
parse,2
urban,2
improved,2
corresponding,2
exists,2
purposes,2
handling,2
contextual,2
unoriginal,2
expressions,2
external,2
argv,2
appeared,2
messed,2
pointer,2
ethical,2
literal,2
procedure,2
socket,2
leaves,2
definitions,2
inner,2
holds,2
communicate,2
typos,2
english,2
trained,2
database,2
nor,2
getting,2
frequency,2
media,2
weak,2
cause,2
saying,2
pointing,2
messy,2
managed,2
focus,2
usefulness,2
available,2
focusing,2
forth,2
choosing,2
fake,2
balance,2
ais,2
csv,2
implementations,2
plan,2
necessary,2
known,2
arguments,2
air,2
article,2
copy,2
efficient,2
q,2
interpret,2
alternatives,2
niche,2
opposite,2
repeated,2
likes,2
overnight,2
languages,2
description,2
option,2
agree,2
axioms,2
structures,2
along,2
framework,2
telling,2
chunks,2
water,2
personalized,2
operations,2
answering,2
safety,2
vector,2
characters,2
rendered,2
messes,2
hold,2
amounts,2
prompting,2
outputted,2
capture,2
courses,2
nowhere,2
suspect,2
obscure,2
created,2
extension,2
applies,2
personality,2
chrome,2
ends,2
whats,2
optimization,2
summaries,2
wont,2
tricky,2
sometime,2
expected,2
conclusion,2
respond,2
proceed,2
draw,2
plant,2
difference,2
mention,2
cross,2
statistics,2
familiar,2
attempted,2
correction,2
90,2
turns,2
valid,2
scripts,2
dependencies,2
legal,2
executive,2
brief,2
hear,2
stories,2
rough,2
birthday,2
sounds,2
crucial,2
testing,2
assumes,2
who,2
deviate,2
book,2
picture,2
papers,2
emotional,2
faster,2
appear,2
going,2
direction,2
mathematics,2
subject,2
huge,2
workflow,2
insightful,2
formulating,2
care,2
free,2
mentioned,2
meet,2
miss,2
turned,2
sets,2
constraints,2
algorithmic,2
construct,2
circles,2
appreciate,2
align,2
obstacle,2
universitylevel,2
desciribing,2
script,2
coded,2
insisted,2
edit,2
art,2
doublecheck,2
uncommon,2
insight,2
subjective,2
react,2
involves,2
correctness,2
poems,2
karnaugh,2
amino,2
friend,2
above,2
study,2
writeup,2
statistical,2
acid,2
leave,2
events,2
window,2
simplification,2
corresponds,2
inconsistent,2
fraction,2
mislead,2
reaching,2
stay,2
chinese,2
larger,2
graphs,2
table,2
connect,2
api,2
11,2
01,2
suggesting,2
until,2
cons,2
pros,2
receive,2
equations,2
insights,2
dividing,2
total,2
student,2
colour,2
images,2
map,2
years,2
recognize,2
eigenvalues,2
chose,2
review,2
eigenvectors,2
overcomplicates,2
fridge,2
00,2
clarity,2
him,2
headers,2
cautious,2
avoided,2
spent,2
generalized,2
benefit,2
talk,2
apps,2
building,2
modify,2
generics,2
scenarios,2
under,2
choose,2
prepare,2
variable,2
resulted,2
starts,2
comparison,2
ill,2
persons,2
met,2
overlooks,2
videos,2
youre,2
css,2
numpy,2
interesting,2
path,2
polished,2
outside,2
def,2
attempts,2
export,2
functionality,2
practices,2
misinterpreted,2
economics,2
evidence,2
standards,2
upon,2
descriptions,2
emails,2
recieved,2
tool,2
cost,2
intuitive,2
werent,2
lyric,2
circular,2
native,2
midway,2
gaps,2
discussion,2
happened,2
stated,2
blank,2
anyone,2
means,2
public,2
excellent,2
strong,2
services,2
matter,2
achieved,2
requiring,2
puzzles,2
appears,2
initial,2
overlapped,2
multiparagraph,2
profound,2
requests,2
till,2
purpose,2
misleading,2
csc236,2
abstract,2
date,2
higher,2
transportation,2
healthcare,2
startup,2
section,2
voice,2
contents,2
setup,2
easier,2
screenshot,2
single,2
textbook,2
undergraduate,2
theoretical,2
narrative,2
deal,2
reasons,2
slogan,2
pieces,2
simplifying,2
tons,2
group,2
mimic,2
taking,2
terminologybased,2
potential,2
complicate,2
0,2
gone,2
knowing,2
breakdown,2
progress,2
became,2
conversion,2
vancouver,2
chicken,2
unsure,2
developing,2
normal,2
considering,2
o3,2
lost,2
40,2
memory,2
parsing,2
resolving,1
maintainable,1
insist,1
assigned,1
preventable,1
nearby,1
recommend,1
64,1
speeds,1
usable,1
patterns,1
improvement,1
economy,1
jordan,1
mountains,1
rubber,1
activities,1
copenhagen,1
fault,1
express,1
robot,1
uncertainty,1
launcher,1
minecraft,1
shape,1
improving,1
canada,1
stunning,1
sucks,1
sending,1
semiformal,1
expecting,1
ultramodern,1
recreating,1
outdoor,1
japan,1
tokyo,1
multicultural,1
writeing,1
uploaded,1
stand,1
inferred,1
welfare,1
detect,1
ford,1
loading,1
page,1
load,1
optimizations,1
fulkerson,1
network,1
segmentation,1
stages,1
responded,1
beyond,1
denmark,1
super,1
aske,1
ecoconscious,1
styles,1
revise,1
grammar,1
worklife,1
blog,1
stating,1
indicate,1
frustrating,1
dfs,1
thin,1
versus,1
areas,1
balanced,1
synthesize,1
boosts,1
gdp,1
promotes,1
equity,1
wikipedia,1
documented,1
vocabulary,1
engaging,1
frameworks,1
asces,1
describe,1
rawlsian,1
principles,1
syntactical,1
justice,1
consulting,1
justification,1
perceivable,1
34,1
pey,1
neither,1
detected,1
editting,1
bloated,1
spending,1
imagine,1
infrastructure,1
studied,1
unethical,1
refusing,1
competitor,1
illegal,1
targeting,1
refusal,1
persuasive,1
deliver,1
requested,1
offering,1
lecture,1
solutoiin,1
cancelling,1
leetcode,1
insufficient,1
factor,1
harm,1
tradeoffs,1
political,1
ie,1
inherited,1
efficiency,1
deems,1
dialogue,1
commenting,1
speakers,1
translators,1
prioritize,1
template,1
evaluated,1
integration,1
discussions,1
understands,1
parameters,1
underlying,1
repetitive,1
transcription,1
perfect,1
veered,1
raw,1
reask,1
mediocre,1
overengineers,1
session,1
length,1
urdu,1
misused,1
modifying,1
paired,1
dealing,1
sustain,1
uptodate,1
projectstyle,1
lag,1
loops,1
removed,1
expired,1
declarations,1
youtube,1
bfs,1
aspect,1
fixated,1
chats,1
fashion,1
rest,1
sheets,1
responding,1
misunderstanding,1
adhered,1
checked,1
implicit,1
induce,1
shaped,1
unsatisfactory,1
layouts,1
halfopen,1
detour,1
swayed,1
flair,1
yes,1
proceeds,1
gigantic,1
wellreasoned,1
asnwers,1
bland,1
sorry,1
linter,1
complain,1
downloadable,1
attributed,1
whereas,1
emotion,1
matrices,1
300page,1
conversation,1
veer,1
interacted,1
hackathon,1
encounters,1
followup,1
sweeter,1
shorter,1
stacks,1
stack,1
twice,1
reflect,1
succinct,1
sparse,1
regurgitates,1
claim,1
anyway,1
corporatey,1
observe,1
behaviors,1
tail,1
modules,1
later,1
erroneous,1
csc240,1
wald,1
claiming,1
numerous,1
consulted,1
remove,1
hierarchies,1
slower,1
stupid,1
takeaways,1
regards,1
big,1
crash,1
applying,1
dockerfile,1
update,1
recent,1
fermats,1
guardrails,1
apart,1
renders,1
tex,1
chaotic,1
days,1
equivalent,1
manages,1
afterward,1
handwritten,1
todo,1
fits,1
watering,1
polishing,1
easytoread,1
breaks,1
highlights,1
pasting,1
bigger,1
inquiring,1
versed,1
certainty,1
absolute,1
ago,1
upset,1
cha,1
eloquent,1
ocr,1
evaluation,1
hey,1
slight,1
topology,1
disorganized,1
older,1
elevate,1
artificial,1
chunk,1
uninteresting,1
stale,1
clarification,1
leap,1
inferential,1
highlight,1
confuse,1
deem,1
turn,1
pseudocode,1
minimum,1
competencies,1
outlined,1
pricing,1
phonotic,1
presentable,1
html,1
confidencial,1
address,1
tailoring,1
skills,1
forgets,1
requirement,1
rephrase,1
skeleton,1
phrased,1
except,1
biochemistry,1
quizzes,1
bullshit,1
beforehand,1
built,1
nebulous,1
singular,1
helps,1
overcomplicate,1
troubleshooting,1
outset,1
unprovable,1
us,1
tells,1
wed,1
provable,1
breaking,1
relationship,1
deltaepsilon,1
md,1
mentioning,1
30,1
slowed,1
restitch,1
remind,1
interactions,1
helped,1
overengineered,1
responsed,1
colours,1
texts,1
layout,1
updated,1
controlled,1
remembered,1
summation,1
follows,1
decipher,1
splits,1
inefficient,1
typeset,1
compilation,1
oversimplifies,1
thorough,1
omits,1
improvements,1
local,1
halfbaked,1
minor,1
rewording,1
beneficial,1
omit,1
meaningless,1
score,1
f1,1
machine,1
investigate,1
feasible,1
plans,1
comments,1
wordy,1
route,1
aigc,1
choices,1
overengineering,1
thoughts,1
computationalrelated,1
mathematicalrelated,1
codingrelated,1
guessing,1
mind,1
perhaps,1
drafted,1
leaps,1
containing,1
claims,1
applied,1
relies,1
challenged,1
amendment,1
replacing,1
simplistic,1
regurgitations,1
illness,1
foodborne,1
risk,1
increases,1
32,1
hour,1
60,1
140,1
bacteria,1
comprehend,1
sorts,1
directions,1
phrasing,1
reliable,1
wared,1
finish,1
combination,1
store,1
fast,1
busy,1
verbosity,1
preserves,1
custom,1
wordsand,1
thousand,1
longsometimes,1
allows,1
contract,1
beautiful,1
summarizing,1
simplest,1
zone,1
danger,1
growth,1
amout,1
fundamental,1
signs,1
vectors,1
displaying,1
misrepresent,1
tighten,1
assumed,1
errorridden,1
calculates,1
troubleshoot,1
weather,1
inspiration,1
lacking,1
roundabout,1
rewritten,1
consisted,1
yourself,1
predict,1
dozen,1
yielding,1
bacterial,1
xxx,1
item,1
highrisk,1
foods,1
perishable,1
eat,1
ambiguous,1
whatsoever,1
demonstrate,1
blankets,1
functionalities,1
300,1
plug,1
convertting,1
inside,1
formattings,1
scrapes,1
underwhelming,1
pull,1
fabricated,1
worries,1
supportive,1
nontrivial,1
registers,1
messages,1
stops,1
reality,1
width,1
moreover,1
intensive,1
terrible,1
typing,1
second,1
verification,1
trusted,1
outlining,1
invalidates,1
precision,1
grounded,1
mishandle,1
visible,1
rsi,1
argument,1
groupby,1
rhyming,1
vigilant,1
programmer,1
fantastic,1
describing,1
branch,1
dumbing,1
spelling,1
improper,1
wondering,1
dead,1
clearing,1
proving,1
bytes,1
sockets,1
perl,1
implications,1
subtext,1
tonality,1
filter,1
pandas,1
concerns,1
import,1
impractical,1
interested,1
recipient,1
keywords,1
suit,1
constant,1
sub,1
laymans,1
blahblahblah,1
kernel,1
aaa,1
insists,1
pretend,1
reduced,1
elsewhere,1
fluent,1
encouragement,1
hoping,1
themselves,1
attaching,1
redirect,1
evaluating,1
bringing,1
quesiton,1
cryptographic,1
exercise,1
pseudo,1
parsed,1
calculate,1
sophisticated,1
unreadable,1
click,1
googling,1
adequate,1
deep,1
finance,1
exposure,1
reexplanations,1
render,1
evident,1
lakes,1
lemma,1
environment,1
optimized,1
integrated,1
4o,1
reached,1
outcome,1
chronology,1
diagrams,1
humans,1
revisit,1
generative,1
apologize,1
soon,1
monotone,1
engineers,1
offbyone,1
convenient,1
theyd,1
plausiblesounding,1
workspace,1
retrieval,1
tend,1
convulated,1
resuggest,1
happening,1
sections,1
polish,1
readability,1
slang,1
nuances,1
cultural,1
sentencebysentence,1
faithful,1
fanfiction,1
flowing,1
suspicious,1
paraphrases,1
locate,1
chatbot,1
querying,1
pathway,1
connections,1
expression,1
gpa,1
graduate,1
occurring,1
percentage,1
statistic,1
searching,1
rewriting,1
wrongs,1
wanting,1
lab,1
casual,1
marks,1
aiming,1
refining,1
narrow,1
shifting,1
2nd,1
quick,1
uoft,1
pinpointing,1
phone,1
estimate,1
unlock,1
send,1
call,1
music,1
play,1
linguists,1
noticeable,1
practical,1
proposal,1
latest,1
adhere,1
cuda,1
failing,1
lieu,1
cryptography,1
seeming,1
uncertain,1
backandforth,1
frustrated,1
researching,1
absorb,1
retry,1
upgraded,1
misquote,1
blaming,1
pictures,1
advisor,1
delete,1
conventions,1
taught,1
teaching,1
offence,1
besides,1
flip,1
questioned,1
flaws,1
three,1
commands,1
wellexplained,1
simulation,1
deleting,1
skill,1
forgot,1
csc258,1
stocked,1
repair,1
nd,1
ato,1
spectical,1
his,1
hundreds,1
diving,1
amin,1
god,1
lettuce,1
association,1
mythologies,1
egyptian,1
ancient,1
listen,1
answered,1
enter,1
tendency,1
demonstrating,1
engage,1
hoped,1
admitted,1
afterwards,1
quirky,1
personable,1
adjusted,1
allow,1
unity,1
partner,1
assistant,1
treat,1
figuring,1
vs,1
bin,1
obj,1
shorten,1
dry,1
phrases,1
blocks,1
predetermined,1
string,1
boot,1
spring,1
pickup,1
differential,1
partial,1
rendering,1
unecessary,1
fare,1
bolded,1
distinct,1
proofread,1
replies,1
appealing,1
adjectives,1
defeats,1
struggling,1
salaries,1
problemsolving,1
concrete,1
winded,1
trace,1
readings,1
nonexisting,1
hexes,1
starting,1
broke,1
conveyed,1
assignment,1
copied,1
incoherent,1
mislabeled,1
columns,1
alignment,1
compiled,1
truth,1
brand,1
palette,1
grouping,1
specifying,1
uninspiring,1
dimensions,1
derive,1
artist,1
components,1
gradient,1
purple,1
ui,1
partway,1
track,1
pep,1
695,1
modern,1
typevar,1
quotations,1
connection,1
convincing,1
boolean,1
ordering,1
addressing,1
conclude,1
continuous,1
select,1
neglect,1
refined,1
colab,1
circumstances,1
23,1
rare,1
visual,1
mathbased,1
division,1
subtraction,1
misleads,1
conceptual,1
notion,1
close,1
derivative,1
specialization,1
presented,1
differ,1
digestible,1
cells,1
adjacent,1
gray,1
speak,1
binary,1
labels,1
placed,1
diagram,1
physics,1
promote,1
area,1
sites,1
conflicts,1
biology,1
goal,1
anytime,1
vocabularies,1
meeting,1
summarized,1
red,1
mat247,1
mat257,1
subtract,1
sometims,1
person,1
trend,1
our,1
plotted,1
excessive,1
emojis,1
road,1
redesign,1
designed,1
assesses,1
domain,1
clients,1
programmers,1
valuable,1
ii,1
algebraii,1
preexisting,1
tangled,1
performed,1
fill,1
paraphrase,1
focused,1
contradictions,1
according,1
repeat,1
coherence,1
longform,1
consistency,1
maintaining,1
across,1
inference,1
intricate,1
students,1
nonfunctional,1
deepseek,1
upbeat,1
capability,1
architecture,1
introduces,1
production,1
news,1
occurred,1
executing,1
scope,1
rules,1
24,1
credible,1
backgrounds,1
worst,1
traces,1
compact,1
manner,1
consider,1
edge,1
fiction,1
body,1
wellstructured,1
persists,1
sensitive,1
deleted,1
altered,1
count,1
styling,1
reduce,1
rapid,1
reproduced,1
iteration,1
milestones,1
songs,1
goals,1
associated,1
schedules,1
various,1
matrix,1
compiling,1
conducting,1
guidance,1
browsing,1
strength,1
replicate,1
proposals,1
saas,1
estate,1
roi,1
positive,1
interprets,1
outofthebox,1
referred,1
nonexistent,1
cited,1
seasoning,1
undercooked,1
serve,1
bake,1
tray,1
175,1
350,1
service,1
ease,1
preheat,1
moat,1
realworld,1
reasonable,1
distance,1
speed,1
averaging,1
evasive,1
masks,1
caveats,1
prevents,1
reported,1
consideration,1
putting,1
thoughtful,1
via,1
half,1
unfortunate,1
viable,1
oven,1
covert,1
proofbased,1
forcing,1
recovery,1
incorporate,1
rephrased,1
webpage,1
authentic,1
crosschecking,1
wellwritten,1
behaviour,1
textbooks,1
confirm,1
childish,1
realized,1
miscalculate,1
shortest,1
processes,1
margin,1
extent,1
range,1
datasets,1
ex,1
intentional,1
misuses,1
formate,1
mathmatic,1
hadnt,1
pumping,1
json,1
excel,1
satisfied,1
reviews,1
rewrote,1
contradicts,1
overwhelming,1
industry,1
probabilitybased,1
majority,1
occur,1
untrue,1
arrives,1
offer,1
manipulating,1
midchat,1
referring,1
appreciated,1
beginner,1
delved,1
fundamentals,1
opposed,1
ebb,1
conquering,1
heading,1
separates,1
formulaic,1
commented,1
scenario,1
instruction,1
department,1
stick,1
studying,1
degradation,1
tangents,1
brute,1
sourced,1
switzerland,1
zurich,1
history,1
rich,1
spaces,1
green,1
culture,1
austria,1
vienna,1
live,1
cities,1
suffer,1
differing,1
versatile,1
pattern,1
surprising,1
consecutive,1
assuming,1
midterms,1
redoing,1
agentic,1
boundaries,1
guidelines,1
ideation,1
refused,1
originality,1
paid,1
fall,1
yeah,1
oh,1
converts,1
exercises,1
inaccuracy,1
notice,1
sort,1
lemmas,1
cohesion,1
forces,1
portions,1
fees,1
account,1
supported,1
presentation,1
manage,1
five,1
double,1
equals,1
qa,1
specify,1
fulfill,1
referenced,1
sign,1
server,1
home,1
extract,1
oversimplified,1
ordered,1
addressed,1
estimates,1
digit,1
nearest,1
special,1
mathheavy,1
least,1
retaining,1
root,1
interact,1
tables,1
preparation,1
faced,1
outstanding,1
literary,1
completeness,1
refactor,1
multiplechoice,1
here,1
surfacelevel,1
integrating,1
around,1
plain,1
preserving,1
quality,1
lame,1
expertise,1
levels,1
portray,1
late,1
parallel,1
java,1
analysing,1
tokens,1
looses,1
beginning,1
token,1
simplicity,1
professionalism,1
ailike,1
bottom,1
sandbox,1
uncreative,1
rolls,1
dice,1
simulating,1
textbookstyle,1
powerful,1
money,1
both,1
comparing,1
obey,1
impossible,1
bounded,1
justifications,1
expectations,1
realize,1
essential,1
flattened,1
sta347,1
distinctive,1
field,1
exhausted,1
overused,1
paragraphs,1
shorted,1
scale,1
professor,1
connecting,1
pvalues,1
coefficients,1
genericit,1
cue,1
types,1
alternative,1
electronics,1
suitable,1
proceeded,1
began,1
firstyear,1
constructing,1
overlook,1
contain,1
largescale,1
depend,1
sheer,1
interest,1
citing,1
clarify,1
performing,1
edited,1
scattered,1
cpu,1
default,1
gpu,1
intel,1
benchmark,1
unknown,1
forming,1
reacts,1
imagination,1
kinds,1
opinions,1
pulled,1
interests,1
accept,1
verifier,1
today,1
webpages,1
happen,1
subtractions,1
additions,1
plotting,1
interpreted,1
view,1
bones,1
bare,1
digits,1
calculator,1
punching,1
guaranteed,1
websites,1
referencing,1
realtime,1
addresses,1
builtin,1
individual,1
gift,1
dint,1
activity,1
descriptive,1
added,1
critique,1
convince,1
declaring,1
completing,1
incapable,1
skipping,1
forgetting,1
higherlevel,1
mark,1
conclusions,1
bar,1
regurgitated,1
repsonse,1
gotten,1
utf8,1
away,1
nuance,1
imbued,1
undertone,1
worded,1
risky,1
setting,1
corporate,1
refine,1
comedy,1
keeping,1
warm,1
cliched,1
strike,1
errs,1
interpretation,1
readers,1
overexplaining,1
mystery,1
falters,1
config,1
